customer_id,probability_of_churn,churn_prediction
4531-AUZNK,0.1640506221825391,No
2296-DKZFP,0.04981595945078215,No
9692-TUSXH,0.5897331548164014,Yes
5129-JLPIS,0.4883493099257246,No
1273-MTETI,0.5994154988255691,Yes
8757-TFHHJ,0.26213895700194684,No
1322-AGOQM,0.28721100303254743,No
0743-HRVFF,0.12228203789084237,No
0943-ZQPXH,0.4279476230303287,No
3932-CMDTD,0.21773848468429233,No
6892-BOGQE,0.025523987236597323,No
0224-HJAPT,0.41761160585590956,No
2439-LYPMQ,0.5808638832354699,Yes
7924-GJZFI,0.6252980067549818,Yes
0823-HSCDJ,0.4149004249745591,No
4826-TZEVA,0.4486572282300723,No
5151-HQRDG,0.31330013070240775,No
6734-GMPVK,0.5771922347621719,Yes
3951-NJCVI,0.5910822738224923,Yes
0733-VUNUW,0.25914967553220836,No
3571-DPYUH,0.1295079124741224,No
9824-QCJPK,0.05764355882844622,No
7876-DNYAP,0.025252117379174495,No
3890-RTCMS,0.24782481035364987,No
7594-RQHXR,0.6117406536919869,Yes
3229-USWAR,0.05873665116181744,No
5995-LFTLE,0.024507753624358156,No
1456-TWCGB,0.3203033186504493,No
1552-TKMXS,0.13657353805649364,No
3276-HDUEG,0.5179777312521319,Yes
0302-JOIVN,0.5828320317968576,Yes
2830-LEWOA,0.1238308811300118,No
5649-TJHOV,0.28018233916447227,No
5886-VLQVU,0.3475811954067968,No
1395-WSWXR,0.03295396217237034,No
6518-LGAOV,0.48904631310254976,No
4514-GFCFI,0.604895080468575,Yes
1635-FJFCC,0.26839082387222657,No
7611-YKYTC,0.45262035555423574,No
5829-NVSQN,0.062287909339859296,No
0394-YONDK,0.024527767821915153,No
0991-BRRFB,0.4145618858746458,No
5980-BDHPY,0.03245544083071158,No
8249-THVEC,0.05782565765724723,No
5039-LZRQT,0.05758297894748864,No
9115-YQHGA,0.32929498059029066,No
8174-LNWMW,0.025101503580182812,No
5038-ETMLM,0.07078076762864625,No
6815-ABQFQ,0.21622192954089461,No
8086-OVPWV,0.6109453200464511,Yes
5451-MHQOF,0.05630970783381524,No
1991-VOPLL,0.17402596833849124,No
6725-TPKJO,0.03307864076549539,No
8879-ZKJOF,0.05876750250115329,No
3597-YASZG,0.07423176829325842,No
2969-WGHQO,0.15598096872066847,No
8006-PYCSW,0.17318556688177567,No
3347-YJZZE,0.23077847048725925,No
1696-MZVAU,0.10627522292647931,No
5931-FLJJF,0.524868807033276,Yes
3440-JPSCL,0.3956256697272511,No
7923-IYJWY,0.0687820834939418,No
8718-PTMEZ,0.43960487008913446,No
0067-DKWBL,0.4147649996731232,No
6625-IUTTT,0.05127501283582166,No
8637-XJIVR,0.6126015938772821,Yes
2509-TFPJU,0.02444780651114167,No
0464-WJTKO,0.025635231177747055,No
8292-FRFZQ,0.07191098433819505,No
6844-DZKRF,0.19879136699307257,No
3249-ZPQRG,0.6132633775746023,Yes
7580-UGXNC,0.31354023213363225,No
3050-RLLXC,0.03294609981145792,No
0581-BXBUB,0.6207776355223478,Yes
8552-OBVRU,0.4897433588740046,No
2388-LAESQ,0.0703417178922669,No
4488-PSYCG,0.13867208503122816,No
9436-ZBZCT,0.5100337373549108,Yes
2074-GKOWZ,0.43259740968278243,No
9753-OYLBX,0.17286625894244986,No
3055-MJDSB,0.35095161347271536,No
5781-RFZRP,0.03435180385196129,No
9761-XUJWD,0.18806146026185533,No
0118-JPNOY,0.433529498314742,No
8874-EJNSR,0.03217191508439821,No
2867-UIMSS,0.6105474313816683,Yes
9975-GPKZU,0.025258984337249154,No
6100-QQHEB,0.5944490347291695,Yes
2896-TBNBE,0.3135647323792527,No
7359-WWYJV,0.06937402885714762,No
6646-JPPHA,0.6127339839551349,Yes
5550-VFRLC,0.6245788075873141,Yes
2202-CUYXZ,0.6047617391725898,Yes
8035-PWSEV,0.5110096081713136,Yes
3703-KBKZP,0.4533806730655063,No
5599-HVLTW,0.44523659895893425,No
5382-TEMLV,0.26426975501782674,No
6339-TBELP,0.08018343059062753,No
7207-RMRDB,0.5769199159963196,Yes
2469-DTSGX,0.13087855929992423,No
3704-IEAXF,0.03822082529857237,No
6368-TZZDT,0.02529334642127783,No
7129-AZJDE,0.19099284263865265,No
6407-GSJNL,0.024967990671612223,No
9150-HEPMB,0.1188807910546986,No
1506-YJTYT,0.03428709130814844,No
7134-HBPBS,0.07284447657393692,No
3635-QQRQD,0.02521780985740995,No
6549-NNDYT,0.2865832515869376,No
9796-BPKIW,0.4553591921371846,No
8069-YQQAJ,0.34273682991699156,No
8242-SOQUO,0.6049617452657188,Yes
3308-DGHKL,0.02574694715505525,No
8740-CRYFY,0.6126015938772821,Yes
8109-YUOHE,0.11690822823994033,No
3976-NLDEZ,0.17278650475694884,No
6248-BSHKG,0.05752245884608025,No
3970-XGJDU,0.02533464102832208,No
0634-SZPQA,0.43191285194609397,No
2589-AYCRP,0.045001233660455844,No
3800-LYTRK,0.08497754982714026,No
6563-VRERX,0.05746199847339666,No
9938-ZREHM,0.07812820153764846,No
2220-IAHLS,0.13719971719744903,No
8979-CAMGB,0.22113069381115424,No
0270-THENM,0.03561726484110565,No
9611-CTWIH,0.5986114835873273,Yes
8885-QSQBX,0.2657367083325469,No
9030-QGZNL,0.032936188039979046,No
2810-FTLEM,0.4135467538104996,No
6350-XFYGW,0.5914867431608221,Yes
6993-YGFJV,0.07118545253180998,No
4097-YODCF,0.28662749729301895,No
0376-OIWME,0.5930360572277608,Yes
5022-JNQEQ,0.5296657418574336,Yes
5515-AKOAJ,0.49587877777656897,No
6956-SMUCM,0.4155407583884608,No
5103-MHMHY,0.32432459707069705,No
9391-DXGGG,0.1798150932266176,No
7519-JTWQH,0.07194534345613046,No
6131-FOYAS,0.40082164433417716,No
9681-OXGVC,0.5837134532061233,Yes
1977-STDKI,0.6204492455525074,Yes
7302-ZHMHP,0.17394579162561355,No
0661-XEYAN,0.34942820071987796,No
6007-TCTST,0.06999592357780492,No
1682-VCOIO,0.057507338155326174,No
2454-RPBRZ,0.5869632567267921,Yes
8710-YGLWG,0.32560958776350624,No
0742-LAFQK,0.18744108167469126,No
7064-JHXCE,0.02521780985740995,No
8242-JSVBO,0.2711046667884284,No
1471-GIQKQ,0.41381738424471376,No
6778-EICRF,0.10656058094771333,No
1360-XFJMR,0.12036271436854047,No
5702-KVQRD,0.06302513355121185,No
7602-MVRMB,0.07196397054055993,No
0236-HFWSV,0.5933726210243839,Yes
0880-FVFWF,0.6026929670234732,Yes
9052-DHNKM,0.16187159605796234,No
6121-TNHBO,0.057802950012511324,No
4693-VWVBO,0.2401109368351517,No
1565-RHDJD,0.44014398095581964,No
0696-UKTOX,0.3255478986139963,No
8267-KFGYD,0.1724279711404714,No
2632-TACXW,0.025145160390692298,No
1744-JHKYS,0.2349079144801415,No
0578-SKVMF,0.6068267665281707,Yes
0670-KDOMA,0.1730657717973329,No
8065-BVEPF,0.41956975516923634,No
3301-VKTGC,0.18541028341209076,No
7660-HDPJV,0.6254287109290904,Yes
2843-CQMEG,0.3197570078663017,No
6870-ZWMNX,0.033873881254540356,No
1403-LKLIK,0.05761326141234624,No
2446-BEGGB,0.5867603627187664,Yes
6164-HAQTX,0.03879286407537742,No
3387-VATUS,0.42535469080753635,No
3407-JMJQQ,0.10046555395831712,No
3580-HYCSP,0.09981202233872266,No
5453-AXEPF,0.44502991024261807,No
4132-KALRO,0.3944257524396609,No
6506-EYCNH,0.13913919064083144,No
6400-BWQKW,0.6124691871651488,Yes
6916-HIJSE,0.03285193642059194,No
5186-PEIZU,0.13933978222883114,No
6048-NJXHX,0.04901001423250605,No
6134-KWTBV,0.02517937162963243,No
6289-CPNLD,0.07740799338254022,No
5312-UXESG,0.42099698432057897,No
2514-GINMM,0.6118731515800648,Yes
2580-ASVVY,0.07643026232403942,No
6416-JNVRK,0.091208835096567,No
3739-YBWAB,0.12939955710099882,No
6917-YACBP,0.5982092766089249,Yes
8614-VGMMV,0.4149681424487979,No
5181-OABFK,0.05159633494275826,No
2977-CEBSX,0.03141729115405141,No
1624-NALOJ,0.5981422292421482,Yes
5495-GPSRW,0.03314115078387755,No
6303-KFWSL,0.16669679738146245,No
5624-BQSSA,0.17250759434681548,No
6681-ZSEXG,0.05208994917973123,No
9185-TQCVP,0.6043616218332329,Yes
8272-ONJLV,0.29595572664706177,No
3398-ZOUAA,0.625559396812395,Yes
9140-CZQZZ,0.033795370891142824,No
6418-PIQSP,0.043167004513924974,No
9637-EIHEQ,0.3296647310268641,No
9953-ZMKSM,0.03216323077589623,No
9830-ECLEN,0.12046768906114753,No
9058-CBREO,0.31872643667872697,No
5321-NTRKC,0.04753018878887413,No
4654-DLAMQ,0.1759153215810662,No
4673-KKSLS,0.5133095297934519,Yes
1031-IIDEO,0.6232697654586266,Yes
3512-IZIKN,0.03590205832051024,No
4439-JMPMT,0.5158875550511678,Yes
0027-KWYKW,0.6062276321710275,Yes
4291-YZODP,0.05762840825109364,No
0212-ISBBF,0.41327617558256835,No
3014-WJKSM,0.4479673210563322,No
0411-EZJZE,0.399951060143883,No
6698-OXETB,0.03301624462575428,No
0193-ESZXP,0.12286566409689184,No
6202-JVYEU,0.08428738630658072,No
1848-LBZHY,0.26492109316830775,No
8161-QYMTT,0.5923626678606493,Yes
0454-OKRCT,0.08390956339698885,No
1215-EXRMO,0.03298953823615657,No
0931-MHTEM,0.1710207109454162,No
5985-BEHZK,0.16714108992505886,No
9921-EZKBY,0.42474117073170875,No
4878-BUNFV,0.032962852712602166,No
4811-JBUVU,0.34364520646426316,No
5673-FSSMF,0.40008495519736215,No
4301-VVZKA,0.6172911257067948,Yes
4828-FAZPK,0.44156111791744174,No
6000-UKLWI,0.03306080168514237,No
7395-XWZOY,0.19456062572235214,No
6380-ARCEH,0.17310569621030963,No
3729-OWRVL,0.13170574189142947,No
2856-HYAPG,0.626147256496572,Yes
7856-GANIL,0.12892381375142437,No
4459-BBGHE,0.42121157941095605,No
9661-JALZV,0.024587906062102694,No
7753-USQYQ,0.11754307547617893,No
1015-JPFYW,0.05781046215461812,No
7665-NKLAV,0.04097798951507322,No
9053-EJUNL,0.5989465546914663,Yes
5117-ZSMHQ,0.03196847979751113,No
0117-LFRMW,0.2760382386805958,No
9389-ACWBI,0.4553591921371846,No
6946-LMSQS,0.3037440692148361,No
1725-MIMXW,0.1737054364526643,No
3996-ZNWYK,0.025252117379174495,No
0899-WZRSD,0.38844549807010703,No
8815-LMFLX,0.13527585834915035,No
0699-NDKJM,0.25584313700015393,No
2424-WVHPL,0.5312637131614278,Yes
6797-LNAQX,0.1059903570642586,No
2043-WVTQJ,0.3125204922128487,No
4057-FKCZK,0.11463750021704218,No
8512-WIWYV,0.04412958799981604,No
5135-GRQJV,0.08970929326226317,No
5597-GLBUC,0.6039613646955465,Yes
7997-EASSD,0.13823805253400695,No
4785-FCIFB,0.03231117268759189,No
1755-FZQEC,0.05767387120214568,No
5364-XYIRR,0.5916215387778534,Yes
7572-KPVKK,0.13577740711915293,No
5115-SQAAU,0.02487986252095505,No
6147-CBCRA,0.1732255131411413,No
3692-JHONH,0.28355746474616406,No
1088-CNNKB,0.057781835376693826,No
3810-DVDQQ,0.06934504202413434,No
7831-QGOXH,0.6042949220053433,Yes
3474-BAFSJ,0.03806108335269131,No
3842-IYKUE,0.3494565392564007,No
8519-QJGJD,0.6173570220229946,Yes
9747-DDZOS,0.4546944591899855,No
4106-HADHQ,0.057781835376693826,No
0017-IUDMW,0.06853237105232364,No
4763-PGDPO,0.6238590583742791,Yes
8751-EDEKA,0.42792098340054935,No
3104-OWCGK,0.30150704586704086,No
3148-BLQJT,0.17318556688177567,No
2815-CPTUL,0.5246601123636933,Yes
5073-WXOYN,0.41266756624266043,No
4760-THGOT,0.5923626678606493,Yes
2724-FJDYW,0.06697395907221326,No
7639-OPLNG,0.03385918791395208,No
3298-QEICA,0.05521657397167761,No
9362-MWODR,0.18672810698531073,No
7446-SFAOA,0.04497726389578002,No
4737-AQCPU,0.034611833847467716,No
9522-ZSINC,0.08426585907391058,No
3745-HRPHI,0.03864750853553532,No
2669-QVCRG,0.4397047935607767,No
0980-FEXWF,0.12026095342935372,No
6701-YVNQG,0.031647286646386226,No
1177-XZBJL,0.0638037717439803,No
7771-CFQRQ,0.03679495563267387,No
2252-JHJGE,0.2863994066010676,No
0661-KBKPA,0.07549761173007763,No
8851-RAGOV,0.22605002490244444,No
6979-TNDEU,0.1739057142056062,No
2072-ZVJJX,0.02492727840777714,No
1222-KJNZD,0.1385721623033448,No
9372-TXXPS,0.03758397737026663,No
5982-PSMKW,0.031239524688863814,No
2495-KZNFB,0.5970018642129268,Yes
0207-MDKNV,0.48890690897296407,No
1346-PJWTK,0.33831729073786754,No
3758-CKOQL,0.12196665582246105,No
6959-GQEGV,0.3791265092928973,No
2604-IJPDU,0.5008299369221516,Yes
6174-NRBTZ,0.1049941961115439,No
6323-AYBRX,0.03320377487345214,No
0048-PIHNL,0.044833700609223565,No
7811-JIVPF,0.26224687914229,No
7729-JTEEC,0.42121157941095605,No
5846-ABOBJ,0.025035988465131893,No
9221-OTIVJ,0.5778047802487354,Yes
2889-FPWRM,0.11742288442880375,No
7945-HLKEA,0.11722517561673924,No
9367-TCUYN,0.17318556688177567,No
2277-BKJKN,0.18739860030023053,No
7633-MVPUY,0.07096731691232247,No
4315-MURBD,0.33622174642611546,No
0734-OXWBT,0.22639181895979849,No
8714-EUHJO,0.5963305702327935,Yes
0818-OCPZO,0.6092864813637324,Yes
0021-IKXGC,0.6216309311017274,Yes
8383-SGHJU,0.12034930501914098,No
6347-DCUIK,0.5192312399921274,Yes
1976-CFOCS,0.4191728039746016,No
4854-CIDCF,0.6193318957963521,Yes
9127-QRZMH,0.06525179594866622,No
1196-AMORA,0.6196606598879617,Yes
6713-OKOMC,0.34443543827959905,No
9820-RMCQV,0.26349004040567064,No
5902-WBLSE,0.025204099565560228,No
7563-BIUPC,0.6104147690785252,Yes
7683-CBDKJ,0.39300953993945265,No
6522-OIQSX,0.0533576644820587,No
0388-EOPEX,0.6186082298919124,Yes
7921-BEPCI,0.05287212145806919,No
8859-DZTGQ,0.03302515139513193,No
3683-QKIUE,0.2009947956894437,No
2144-ESWKO,0.10111691763544965,No
5057-RKGLH,0.03302515139513193,No
2692-PFYTJ,0.1687184385976756,No
3021-VLNRJ,0.06064041769799173,No
1045-LTCYT,0.136113683766086,No
7401-JIXNM,0.031205774946075942,No
2657-VPXTA,0.5994154988255691,Yes
5022-KVDQT,0.6094856762915496,Yes
2305-MRGLV,0.3645917809051957,No
3865-YIOTT,0.16867622127120574,No
9577-WJVCQ,0.3140207346858072,No
3847-BAERP,0.17254741686236635,No
4032-RMHCI,0.10101554738674898,No
7658-UYUQS,0.4367100744747027,No
9274-UARKJ,0.44131283234164337,No
0847-HGRML,0.025649169821714356,No
6078-VESFR,0.45891657974994077,No
4223-WOZCM,0.31945371534525385,No
0942-KOWSM,0.0335774497412479,No
7789-HKSBS,0.16938145897377738,No
9432-RUVSL,0.07380370264902823,No
3644-QXEHN,0.5884502396974048,Yes
4683-WYDOU,0.07303309473141212,No
0925-VYDLG,0.61748880171058,Yes
2960-NKRSO,0.5156088879333978,Yes
2639-UGMAZ,0.1657689239708808,No
2898-LSJGD,0.16615503399032017,No
2884-GBPFB,0.6239899626556933,Yes
4659-NZRUF,0.590947423276914,Yes
0867-LDTTC,0.1800610249424092,No
7781-EWARA,0.11978935375495678,No
4822-RVYBB,0.583577884600653,Yes
9800-OUIGR,0.025224667727465518,No
3533-UVMOM,0.049829164728850614,No
8457-XIGKN,0.13706768968063165,No
2990-OGYTD,0.0326222828161092,No
5203-XEHAX,0.15976350488893948,No
8295-KMENE,0.04422769391978262,No
8720-RQSBJ,0.4218917723104222,No
9799-CAYJJ,0.6252980067549818,Yes
3717-OFRTN,0.13900559745416818,No
2868-MZAGQ,0.6122043239079449,Yes
8606-OEGQZ,0.024507753624358156,No
9065-ZCPQX,0.03393226404572314,No
4587-NUKOX,0.612402977576687,Yes
8985-OOPOS,0.05960015304840496,No
7636-OWBPG,0.28479639306708565,No
5825-XJOCM,0.0886158027869786,No
4183-WCSEP,0.5260507449989325,Yes
5275-PMFUT,0.035998734525524975,No
1751-NCDLI,0.5859484926944292,Yes
6693-DJWTY,0.09123195932815006,No
4002-BQWPQ,0.17468876233218245,No
6954-OOYZZ,0.27143552087390915,No
9039-RBEEE,0.19990440851440203,No
5170-PTRKA,0.07276472620640237,No
7346-MEDWM,0.6068933172103018,Yes
5233-GEEAX,0.4418738257685822,No
3511-APPBJ,0.17109981866574178,No
7143-BQIBA,0.19093185172632343,No
2967-MXRAV,0.05800829633415817,No
7473-ZBDSN,0.033302415091307526,No
0265-EDXBD,0.6179498944720516,Yes
1386-ZIKUV,0.17410617421804908,No
0420-BWTPW,0.34980876723705234,No
1009-IRMNA,0.13883875724451844,No
3938-YFPXD,0.032408259767652076,No
3727-OWVYD,0.11400266209694372,No
5937-EORGB,0.5891256092212994,Yes
2791-SFVEW,0.1387387337628499,No
0980-PVMRC,0.4125999594207893,No
3648-GZPHF,0.0938036409342774,No
9677-AVKED,0.10624212675626302,No
1576-PFZIW,0.10075860396809035,No
9462-MJUAW,0.3189081737483516,No
7511-YMXVQ,0.419987987098081,No
7128-GGCNO,0.45566291695144545,No
7492-TAFJD,0.07551008286326955,No
8901-UPRHR,0.07243109570762621,No
5044-XDPYX,0.0321198432170802,No
1010-DIAUQ,0.42310625527614903,No
2691-NZETQ,0.6040947992445058,Yes
7586-ZATGZ,0.6046950626782521,Yes
1810-MVMAI,0.30929293889948634,No
7296-PIXQY,0.6241208488284146,Yes
9985-MWVIX,0.5247992431049565,Yes
7028-DVOIQ,0.5856777653081464,Yes
0420-TXVSG,0.05030157080026188,No
6953-PBDIN,0.035027968534948724,No
1090-ESELR,0.07383021323226162,No
8903-XEBGX,0.40659643368290116,No
9541-PWTWO,0.03355030515070559,No
1099-BTKWT,0.16735655157287227,No
8807-ARQET,0.4268660052391011,No
0673-IGUQO,0.17290614695355896,No
0709-TVGUR,0.6184107748941504,Yes
9269-CQOOL,0.25688595736285785,No
7798-JVXYM,0.30685505159211274,No
7524-VRLPL,0.03424094006568765,No
8752-IMQOS,0.05761326141234624,No
0048-LUMLS,0.1781345626523698,No
6410-LEFEN,0.4203277758832017,No
5149-TGWDZ,0.15698500567996482,No
5514-YQENT,0.13119618297605257,No
3063-QFSZL,0.4064618359162292,No
4458-KVRBJ,0.032206674992517746,No
6631-HMANX,0.032207678628695065,No
3069-SSVSN,0.13548838212110564,No
4366-CTOUZ,0.09644085079084751,No
4685-ERGHK,0.30628668226234956,No
5756-OZRIO,0.08877362798792071,No
3845-JHAMY,0.2778597573857031,No
5935-FCCNB,0.5922279482631592,Yes
3468-DRVQJ,0.1553576921052112,No
3583-KRKMD,0.3654322711230493,No
2419-FSORS,0.13295482768202696,No
1357-BIJKI,0.2930001137964343,No
4480-QQRHC,0.45393376809860053,No
1589-AGTLK,0.42005593879858727,No
9631-XEYKE,0.2648124655361537,No
7503-ZGUZJ,0.50459605045041,Yes
3452-FLHYD,0.04471439825230999,No
5219-YIPTK,0.5784170864869982,Yes
5951-AOFIH,0.2446245838170324,No
3774-VBNXY,0.033051885629643826,No
8348-JLBUG,0.1872121462306749,No
0396-YCHWO,0.5906102370828549,Yes
5419-JKZNQ,0.5140068688769036,Yes
8808-ELEHO,0.6095520664932021,Yes
4950-HKQTE,0.03199001980134905,No
6933-FHBZC,0.11693702967371819,No
3165-HDOEW,0.32444686352817176,No
9097-ZUBYC,0.20279266450915875,No
1482-OXZSY,0.41780457444559344,No
8946-BFWSG,0.03216323077589623,No
4256-ZWTZI,0.24621641221989826,No
4393-OBCRR,0.05756784331978957,No
0074-HDKDG,0.08988552421445879,No
0468-YRPXN,0.3325345770497651,No
7010-ZMVBF,0.17290614695355896,No
5835-BEQEU,0.6152462117512391,Yes
9755-JHNMN,0.03608974266866288,No
8084-OIVBS,0.05764355882844622,No
4039-HEUNW,0.5891256092212994,Yes
3446-QDSZF,0.2560348959407644,No
9873-MNDKV,0.32591592580565015,No
6341-JVQGF,0.07456836430071308,No
8859-YSTWS,0.04495330629754082,No
1777-JYQPJ,0.35133294314525687,No
2688-BHGOG,0.6118069047021879,Yes
7032-LMBHI,0.08850322563055253,No
6005-OBZPH,0.5990135578252598,Yes
8311-UEUAB,0.0908716172213609,No
4959-JOSRX,0.26778875329251156,No
4927-WWOOZ,0.5959276204827509,Yes
5334-JLAXU,0.422194830095802,No
6322-PJJDJ,0.19116535010665064,No
2682-KEVRP,0.05762840825109364,No
6905-NIQIN,0.31860530925715536,No
6685-XSHHU,0.025517050120297907,No
6993-YCOBK,0.13154632463564797,No
3887-PBQAO,0.04284179152877756,No
4697-LUPSU,0.05758297894748864,No
9465-RWMXL,0.6126677909965852,Yes
3981-QSVQI,0.13903898566372522,No
4451-RWASJ,0.05779527040013709,No
2256-YLYLP,0.035027968534948724,No
9701-CDXHR,0.5261903352363843,Yes
6664-FPDAC,0.21181137475177467,No
5351-QESIO,0.35146009523571103,No
3258-SANFR,0.26767937799757724,No
2968-SSGAA,0.583577884600653,Yes
1421-HCERK,0.32780851642388137,No
7534-BFESC,0.6163681254860301,Yes
1357-MVDOZ,0.25488837624439353,No
9548-LERKT,0.03313221380179486,No
5244-IRFIH,0.5918237063612739,Yes
7982-VCELR,0.42124245800058946,No
5727-MYATE,0.03129021554409089,No
7401-RUBNK,0.618081596291945,Yes
3999-QGRJH,0.6247750074807474,Yes
1853-UDXBW,0.6243825667813614,Yes
7434-SHXLS,0.17254741686236635,No
5934-RMPOV,0.604895080468575,Yes
1488-SYSFC,0.2389930234825884,No
8065-YKXKD,0.6181474406963685,Yes
5442-PPTJY,0.03314115078387755,No
4236-UJPWO,0.44862589778846734,No
5245-VDBUR,0.12933672108267003,No
9796-MVYXX,0.05375093099185934,No
9507-HSMMZ,0.03308756379147163,No
5566-SOEZD,0.18691521167167166,No
1498-NHTLT,0.06165553263746823,No
9214-EKVXR,0.32671310059177777,No
1895-QTKDO,0.26850038328447,No
6519-CFDBX,0.419987987098081,No
0354-WYROK,0.49755236706264644,No
1837-YQUCE,0.037887845323090405,No
4750-UKWJK,0.05776489813243626,No
7766-CLTIC,0.23605981654599517,No
9675-ICXCT,0.0636041352383535,No
2996-XAUVF,0.05365170444379825,No
0906-QVPMS,0.07023234944302569,No
7521-YXVZY,0.1733054275093254,No
7134-MJPDY,0.12446783763186745,No
6075-QMNRR,0.2655190543624696,No
0308-GIQJT,0.12457092707533272,No
4290-BSXUX,0.36059471302091345,No
4851-BQDNX,0.3084839953538544,No
7148-XZPHA,0.5247291791194629,Yes
8042-JVNFH,0.5231294262749893,Yes
8237-ULIXL,0.02456784402877105,No
9092-GDZKO,0.13364005114992988,No
6734-CKRSM,0.17326546668351211,No
5919-VCZYM,0.1732255131411413,No
4026-SKKHW,0.24699379066143104,No
3398-FSHON,0.5961291115651902,Yes
7459-IMVYU,0.3064991868973816,No
5921-NGYRH,0.5200667789821781,Yes
8679-LZBMD,0.18111007618002764,No
9229-RQABD,0.0565175866254076,No
9514-JDSKI,0.4270707497796971,No
7838-LAZFO,0.08233847151882068,No
6715-OFDBP,0.38690468990438676,No
7895-VONWT,0.41611982905427874,No
6328-ZPBGN,0.4249456517582738,No
4631-OACRM,0.6120056329300857,Yes
8573-JGCZW,0.04502521559710539,No
5402-HTOTQ,0.40659643368290116,No
4962-CHQPW,0.05768903300008223,No
0851-DFJKB,0.3196959018959961,No
5478-JJVZK,0.3063217661894546,No
7470-DYNOE,0.16221248199665325,No
4139-JPIAM,0.20395002649018287,No
9396-ZSFLL,0.32078934225814504,No
8630-QSGXK,0.03460614977440018,No
2400-XIWIO,0.06058310002603992,No
9650-VBUOG,0.024541119471346903,No
3810-PJUHR,0.03214586895727889,No
5956-YHHRX,0.5784851056673498,Yes
8622-ZLFKO,0.596867634397169,Yes
9531-NSBMR,0.04512126517424734,No
9903-LYSAB,0.6202521585843347,Yes
2812-SFXMJ,0.1732255131411413,No
8778-LMWTJ,0.6180157475497949,Yes
2673-CXQEU,0.2790459884798708,No
6036-TTFYU,0.1735853572630373,No
2096-XOTMO,0.1737855256861464,No
7905-NJMXS,0.31335971608224045,No
6141-OOXUQ,0.17354534544092218,No
1093-YSWCA,0.02528647036379923,No
4732-RRJZC,0.1730657717973329,No
4942-VZZOM,0.0864681766960131,No
0750-EBAIU,0.3011546886482721,No
4902-OHLSK,0.4979010396464562,No
6885-PKOAM,0.032155550799477,No
7941-RCJOW,0.02528647036379923,No
9158-VCTQB,0.3181716925793923,No
9866-QEVEE,0.43746502530745934,No
3946-JEWRQ,0.17489094560417642,No
4628-CTTLA,0.4282997395135108,No
4912-PIGUY,0.6050950631470543,Yes
8465-SBRXP,0.07797720281955685,No
3913-FCUUW,0.035502467175958,No
9170-ARBTB,0.04430642188017542,No
1400-MMYXY,0.5763751383790221,Yes
4727-MCYZG,0.31270031486965977,No
0376-YMCJC,0.509127502957779,Yes
9057-SIHCH,0.5889905620983932,Yes
2038-LLMLM,0.49064957760218764,No
1930-QPBVZ,0.07789701995151331,No
6048-UWKAL,0.072705374191568,No
1184-PJVDB,0.6112767810996346,Yes
6650-BWFRT,0.0684078300159735,No
7721-DVEKZ,0.17354534544092218,No
8191-XWSZG,0.057446892706885515,No
5619-PTMIK,0.40956110038035964,No
8158-WPEZG,0.34860384385199467,No
9974-JFBHQ,0.3321013273419334,No
0870-VEMYL,0.19556798135521186,No
7399-QHBJS,0.03562310886198328,No
3654-ARMGP,0.03165583620266916,No
1468-DEFNC,0.025042798159964786,No
6818-WOBHJ,0.4325289422817242,No
5546-QUERU,0.05765871314519862,No
7717-BICXI,0.03298953823615657,No
4836-WNFNO,0.024547797952715316,No
5820-PTRYM,0.06139154107237577,No
1963-SVUCV,0.4201238935297939,No
4817-VYYWS,0.5841200829717719,Yes
4939-KYYPY,0.3190895310885529,No
9135-MGVPY,0.04232241608433073,No
2282-YGNOR,0.06483805039282604,No
8292-TYSPY,0.19456062572235214,No
7548-SEPYI,0.5894631682352017,Yes
8992-JQYUN,0.41327617558256835,No
6270-OMFIW,0.2974691418905803,No
6427-FEFIG,0.04707275620790498,No
8938-UMKPI,0.5756939053226201,Yes
0617-AQNWT,0.0754710072488131,No
0191-ZHSKZ,0.38070363113369415,No
6513-EECDB,0.6197263995485314,Yes
9734-YWGEX,0.41648951625900554,No
3269-ATYWD,0.4242641486076157,No
8089-UZWLX,0.10298890337146298,No
1494-EJZDW,0.03306080168514237,No
4706-DGAHW,0.42025981207454294,No
5669-SRAIP,0.42802655367271747,No
1902-XBTFB,0.5986785051918391,Yes
7321-PKUYW,0.5097549027493051,Yes
1394-SUIUH,0.5167234964348748,Yes
0531-ZZJWQ,0.6191345847867004,Yes
7067-KSAZT,0.2838408911367229,No
5172-RKOCB,0.07138138168967495,No
9847-HNVGP,0.05765871314519862,No
2180-DXNEG,0.5898006430210999,Yes
5133-POWUA,0.32450800573952293,No
5995-SNNEW,0.5783490643308832,Yes
7225-IILWY,0.032076512247423555,No
6817-WTYHE,0.2708291486119748,No
0239-OXEXL,0.5051538850481103,Yes
4395-PZMSN,0.6038279146676117,Yes
7845-URHJN,0.1387387337628499,No
4724-WXVWF,0.5024338455673624,Yes
3026-ATZYV,0.08391165251520052,No
6581-NQCBA,0.3307135013355632,No
5515-RUGKN,0.256832711832011,No
5628-RKIFK,0.4120899090638442,No
2812-ENYMO,0.06601490261308578,No
9027-YFHQJ,0.135504429789491,No
9225-BZLNZ,0.08647679557732349,No
3166-PNEOF,0.03203423620871083,No
8096-LOIST,0.40538556104486656,No
5606-AMZBO,0.4440387512870551,No
1442-OKRJE,0.170996593264966,No
6689-TCZHQ,0.6126015938772821,Yes
7167-PCEYD,0.03312327914713353,No
3780-DDGSE,0.29931362392954003,No
2664-XJZNO,0.07289366048525395,No
8766-PAFNE,0.03333040345471551,No
5813-UECBU,0.4362030415779483,No
7252-NTGSS,0.32530339870364705,No
6015-VVHHE,0.4371636887263789,No
7103-ZGVNT,0.059725349937341875,No
1676-MQAOA,0.034624792841017576,No
9411-TPQQV,0.06707861950669805,No
4529-CKBCL,0.6109453200464511,Yes
1697-BCSHV,0.24738698901531345,No
4662-EKDPQ,0.25235383153960644,No
1855-CFULU,0.1732255131411413,No
3914-FDRHP,0.5151908691107175,Yes
5003-OKNNK,0.04412958799981604,No
3908-BLSYF,0.6060278496059875,Yes
2786-GCDPI,0.4891160158076168,No
7295-JOMMD,0.337218533576444,No
9603-OAIHC,0.6243171440973727,Yes
2834-JKOOW,0.08932631567105147,No
8780-IXSTS,0.5977398680291457,Yes
4530-NDRKU,0.08465411395487421,No
1866-RZZQS,0.5865574392468483,Yes
3097-NQYSN,0.5015277928595003,Yes
0556-FJEGU,0.03556938909949895,No
7396-VJUZB,0.3251809648370798,No
1265-ZFOSD,0.043097929010419506,No
8548-AWOFC,0.31378000257170796,No
8663-UPDGF,0.24459314895685472,No
0940-OUQEC,0.44475435487812515,No
4716-MRVEN,0.05764355882844622,No
7989-AWGEH,0.4284363488366257,No
9728-FTTVZ,0.6254287109290904,Yes
1623-NLDOT,0.0950919192349822,No
9845-PEEKO,0.11476807829354685,No
8455-HIRAQ,0.3261611033793451,No
5919-TMRGD,0.6120718673978505,Yes
5318-YKDPV,0.03332141719679925,No
4475-NVTLU,0.04915322355681902,No
1112-CUNAO,0.5980751782042707,Yes
3266-FTKHB,0.033239611357325595,No
4208-UFFGW,0.325548338026899,No
1766-GKNMI,0.6046950626782521,Yes
0206-TBWLC,0.14967134054852682,No
1098-TDVUQ,0.13933978222883114,No
3524-WQDSG,0.4192980537139529,No
6855-VLGOS,0.04880241605223404,No
7609-NRNCA,0.05778008239300838,No
6686-YPGHK,0.5034106156657812,Yes
1360-JYXKQ,0.22402672481839694,No
6198-ZFIOJ,0.6170274973425609,Yes
6108-OQZDQ,0.5871661212063153,Yes
4521-YEEHE,0.5115672114399757,Yes
8972-HJWNV,0.6051617162267459,Yes
4115-BNPJY,0.04444042556618133,No
4013-GUXND,0.17262708372044797,No
2257-BOVXD,0.1846193243277976,No
9881-VCZEP,0.4082126957086682,No
0485-ZBSLN,0.024581216943885827,No
4770-UEZOX,0.6181474406963685,Yes
3209-ZPKFI,0.4080105535934071,No
7168-HDQHG,0.13937323771381094,No
6308-CQRBU,0.1324091257703077,No
8878-HMWBV,0.4149004249745591,No
0082-LDZUE,0.3263450489941701,No
9142-KZXOP,0.4568815662039946,No
7905-TVXTA,0.3131796870154876,No
1016-DJTSV,0.6247750074807474,Yes
1866-DIOQZ,0.06292635407908896,No
0259-GBZSH,0.6036944491787787,Yes
5977-CKHON,0.42849401314970775,No
2270-CHBFN,0.3371318731759774,No
9878-TNQGW,0.6099503224183591,Yes
0953-LGOVU,0.2626148489636224,No
6994-FGRHH,0.21726373809394592,No
3658-KIBGF,0.40713496484356304,No
2674-MLXMN,0.4146603290112499,No
0218-QNVAS,0.17306260963613904,No
9392-XBGTD,0.03298064074393565,No
9638-JIQYA,0.2898800360915386,No
0895-LNKRC,0.05781046215461812,No
0013-SMEOE,0.07224391112621027,No
1571-SAVHK,0.3956256697272511,No
7180-PISOG,0.6184765975779616,Yes
9360-AHGNL,0.15332866458706437,No
1154-HYWWO,0.07873305445161811,No
8544-GOQSH,0.3561440354460097,No
5089-IFSDP,0.10023890242891728,No
6928-ONTRW,0.02526585311429341,No
8887-IPQNC,0.32640637608329715,No
0947-IDHRQ,0.51066159221766,Yes
7566-DSRLQ,0.13183339366981534,No
7188-CBBBA,0.2961882691447016,No
8580-AECUZ,0.612402977576687,Yes
0585-EGDDA,0.6112104971097704,Yes
5296-PSYVW,0.047776882027682446,No
0135-NMXAP,0.43232355555153046,No
6710-HSJRD,0.47637023101700765,No
1729-VLAZJ,0.0919238394003393,No
7812-FZHPE,0.17001342361499747,No
5876-HZVZM,0.25561005932472713,No
5131-PONJI,0.4272382537071375,No
5726-CVNYA,0.03311434681933199,No
5863-OOKCL,0.174186409267717,No
2982-IHMFT,0.5188134298634861,Yes
0595-ITUDF,0.5954573489185595,Yes
3957-LXOLK,0.5760345579721284,Yes
7668-XCFYV,0.5944490347291695,Yes
7593-JNWRU,0.27115979154349623,No
1396-QWFBJ,0.45393376809860053,No
3132-TVFDZ,0.4207356220892239,No
1839-FBNFR,0.02567009162490153,No
8705-WZCYL,0.4208036069930941,No
6963-EZQEE,0.03167294201822611,No
1904-WAJAA,0.09614303164458697,No
3727-JEZTU,0.17294604224416166,No
1187-WILMM,0.03152782714028323,No
1229-RCALF,0.2089846000946712,No
1270-XKUCC,0.03314115078387755,No
9236-NDUCW,0.05507123578746523,No
4465-VDKIQ,0.6141230710903159,Yes
8008-HAWED,0.41273517635853046,No
7450-NWRTR,0.5851361553899195,Yes
6732-VAILE,0.03212084423718166,No
5575-GNVDE,0.11641954486115638,No
9752-ZNQUT,0.41564549348001634,No
3454-JFUBC,0.025224667727465518,No
6407-UTSLV,0.44048769247907027,No
6656-JWRQX,0.2679974755344426,No
4999-IEZLT,0.0751913844042896,No
0907-HQNTS,0.069898111759697,No
7590-VHVEG,0.4412547748667064,No
1060-ENTOF,0.12292580013267453,No
3457-PQBYH,0.0251835477416187,No
5619-XZZKR,0.05765871314519862,No
5555-RNPGT,0.1336723506770511,No
0780-XNZFN,0.025558700375198844,No
3374-LXDEV,0.5108004998071367,Yes
5133-VRSAB,0.34493949647231464,No
9388-ZEYVT,0.12965093529552577,No
9909-DFRJA,0.13071995986082238,No
8577-QSOCG,0.033051885629643826,No
2137-DQMEV,0.12357546666110313,No
4274-DRSQT,0.18256253463638802,No
2758-RNWXS,0.2337740862456552,No
5671-UUNXD,0.222527084185186,No
0247-SLUJI,0.1735053409052979,No
9919-FZDED,0.045715345831696015,No
5840-NVDCG,0.035925142251750794,No
4521-WFJAI,0.02483253453016655,No
9860-LISIZ,0.17298594481469828,No
7734-DBOAI,0.3429877718386856,No
0057-QBUQH,0.04763748181205576,No
6298-QDFNH,0.6120718673978505,Yes
1757-TCATG,0.04492936086020295,No
6838-YAUVY,0.07789701995151331,No
2369-FEVNO,0.17334539561901766,No
1169-WCVAK,0.34503069826988303,No
8559-CIZFV,0.07598579605306562,No
9068-VPWQQ,0.03401108123252258,No
6543-XRMYR,0.5847975445871255,Yes
8722-PRFDV,0.04733621821137199,No
6233-HXJMX,0.42874062127775686,No
9668-PUGNU,0.04778957397006134,No
7074-IEVOJ,0.6120056329300857,Yes
3506-OVLKD,0.0434798642276214,No
3992-YWPKO,0.31893525054004784,No
3128-YOVTD,0.44689078484523614,No
7389-KBFIT,0.3438058576141799,No
4622-YNKIJ,0.1459690909757964,No
3778-FOAQW,0.05759811831140938,No
3146-JTQHR,0.045037211131651156,No
3945-GFWQL,0.4211435765208524,No
3987-KQDDU,0.6170274973425609,Yes
6243-OZGFH,0.42059966130273313,No
7817-BOQPW,0.6170934108942516,Yes
8388-FYNPZ,0.40464614854081704,No
4703-MQYKT,0.03315903173255396,No
3284-SVCRO,0.0321198432170802,No
8847-GEOOQ,0.1927048046554354,No
9581-GVBXT,0.1297456199160444,No
8350-NYMVI,0.20982620239717178,No
6352-TWCAU,0.6026261708480369,Yes
8044-BGWPI,0.23848606279410928,No
5834-ASPWA,0.6172252250785104,Yes
5884-GCYMI,0.525842599469786,Yes
7909-FIOIY,0.35063398402298496,No
7055-JCGNI,0.07027990336058118,No
1658-XUHBX,0.4294922996802117,No
5590-BYNII,0.5833745079930072,Yes
6518-PPLMZ,0.03319482158368582,No
9824-BEMCV,0.6256900643884022,Yes
1813-JYWTO,0.11580340209014041,No
4350-ZTLPI,0.12263708103907145,No
9507-EXLTT,0.44661500451494396,No
5766-XQXMQ,0.2452637856080696,No
0106-UGRDO,0.1281427183690805,No
4257-GAESD,0.2673514222267019,No
6683-VLCTZ,0.5863544863756871,Yes
0970-ETWGE,0.5984774293188966,Yes
8679-JOEVF,0.319150140667003,No
4883-QICIH,0.45988644617309704,No
7156-MXBJE,0.05625215542110048,No
7216-EWTRS,0.5833067094802749,Yes
3370-HXOPH,0.6163681254860301,Yes
8963-JLGJT,0.31228081643409555,No
1602-IJQQE,0.6173570220229946,Yes
3791-LGQCY,0.417465356428479,No
4255-DDUOU,0.17286625894244986,No
3487-EARAT,0.05960015304840496,No
2903-YYTBW,0.4211435765208524,No
5688-KZTSN,0.23965317673359848,No
4282-YMKNA,0.6181474406963685,Yes
8942-DBMHZ,0.17290614695355896,No
8097-OMULG,0.058776913467138064,No
5701-ZIKJE,0.24668264148034177,No
3144-KMTWZ,0.42753794565988634,No
4808-YNLEU,0.08963482744510437,No
2232-DMLXU,0.31312012025755315,No
1934-SJVJK,0.17314562790497778,No
8197-BFWVU,0.03139514511346557,No
5126-RCXYW,0.03982097621995347,No
5996-DAOQL,0.17290614695355896,No
0030-FNXPP,0.17338537101302537,No
4510-PYUSH,0.2542854312887515,No
6322-HRPFA,0.19057058017648204,No
2057-ZBLPD,0.6025593708481511,Yes
8329-GWVPJ,0.45988644617309704,No
3845-FXCYS,0.24000916070362505,No
9497-QCMMS,0.5931033769849374,Yes
1080-BWSYE,0.024461115725253446,No
5519-NPHVG,0.5922279482631592,Yes
5063-IUOKK,0.03313221380179486,No
8450-LUGUK,0.025083694241877025,No
7613-LLQFO,0.6052950106529306,Yes
3158-MOERK,0.5898006430210999,Yes
0979-PHULV,0.4149311725821421,No
5680-LQOGP,0.032733469448722324,No
8620-RJPZN,0.23894229416468424,No
4390-KYULV,0.1364420178228289,No
1608-GMEWB,0.42665065292328247,No
3635-JBPSG,0.07541277749591602,No
5542-NKVRU,0.025544809606499526,No
7037-MTYVW,0.03275458528983974,No
9992-UJOEL,0.31902936240294816,No
2987-BJXIK,0.0593878560846786,No
0516-QREYC,0.17302585466560882,No
7693-LCKZL,0.6110116204734664,Yes
6486-LHTMA,0.30180085578976,No
3419-SNJJD,0.4112379941618921,No
3967-VQOGC,0.03222406855874177,No
5348-CAGXB,0.5984774293188966,Yes
6625-UTXEW,0.41205922371639253,No
2667-WYLWJ,0.05771936782210403,No
9819-FBNSV,0.45642408372311777,No
0519-XUZJU,0.5239644016634815,Yes
9821-BESNZ,0.21907175514534613,No
4986-MXSFP,0.17326546668351211,No
0191-EQUUH,0.04292148804277499,No
4660-IRIBM,0.5000633424301344,Yes
8095-WANWK,0.3251809648370798,No
9501-UKKNL,0.32855611370430915,No
9688-YGXVR,0.43031268338619405,No
1612-EOHDH,0.4203277758832017,No
5730-RIITO,0.2801603930296201,No
0208-BPQEJ,0.1392394561559542,No
1241-FPMOF,0.03315009009394331,No
1984-FCOWB,0.21410224026892768,No
7041-TXQJH,0.2726292380530116,No
4853-RULSV,0.07323370832986768,No
7253-UVNDW,0.03807752825889966,No
3536-IQCTX,0.6041615107087228,Yes
9943-VSZUV,0.5170722777273378,Yes
9089-UOWJG,0.25301805173830005,No
2452-KDRRH,0.41229266466318204,No
7598-UAASY,0.6159722966960134,Yes
5130-YPIRV,0.048752233025815425,No
8429-XIBUM,0.4165159623727231,No
5702-SKUOB,0.1735853572630373,No
3716-BDVDB,0.625559396812395,Yes
8665-UTDHZ,0.44077341695582917,No
7841-FCRQD,0.06629061735365067,No
4903-UYAVB,0.1737855256861464,No
5129-HHMZC,0.03203423620871083,No
6458-CYIDZ,0.6102820904306344,Yes
9073-ZZIAY,0.06186566110532962,No
3404-JNXAX,0.5228505729089074,Yes
6121-VZNQB,0.17398587633643198,No
3672-YITQD,0.6057614177100049,Yes
6505-OZNPG,0.04740942184738732,No
0289-IVARM,0.39954946473369385,No
0164-XAIRP,0.025711985090999024,No
7284-BUYEC,0.2608999121409498,No
2516-XSJKX,0.06438945240435445,No
8138-EALND,0.17346534365573021,No
6288-LBEAR,0.42374810669234186,No
3858-VOBET,0.6178840370608494,Yes
8316-BBQAY,0.03694958777070302,No
8040-MNRTF,0.523477348667177,Yes
8731-WBBMB,0.1745681469975852,No
3627-FCRDW,0.623073253334516,Yes
7139-JZFVG,0.052662984386118245,No
8167-GJLRN,0.3552839339018656,No
7890-VYYWG,0.3360451554120314,No
9386-LDCZR,0.13207650438363652,No
4950-BDEUX,0.414832710715199,No
3902-MIVLE,0.04440490266267837,No
1139-WUOAH,0.038282396714449586,No
5986-WWXDV,0.045097234494295056,No
4815-GBTCD,0.4477290691608505,No
3549-ZTMNH,0.025097340723059195,No
4884-LEVMQ,0.025586503982181884,No
5419-CONWX,0.41445723017042174,No
8612-GXIDD,0.024906946540744778,No
4412-YLTKF,0.6137925036501779,Yes
0559-CKHUS,0.03316797570027143,No
2004-OCQXK,0.6086222354448263,Yes
5707-ZMDJP,0.04584713692977077,No
6904-JLBGY,0.06833675789370641,No
3678-MNGZX,0.02565614191068411,No
9838-BFCQT,0.03201594382913437,No
1951-IEYXM,0.03132405365847761,No
0895-DQHEW,0.5785531218694874,Yes
3439-GVUSX,0.3512058121449198,No
6253-GNHWH,0.045506677773148416,No
2346-DJQTB,0.4491089443067398,No
5968-HYJRZ,0.03228501757948915,No
3645-DEYGF,0.17266692806386627,No
1346-UFHAX,0.44149233569992563,No
3500-NSDOA,0.03485498880665183,No
3733-UOCWF,0.13738923050428437,No
4304-TSPVK,0.07032347889134372,No
0128-MKWSG,0.25164007089577534,No
2361-FJWNO,0.0726894806956353,No
3785-NRHYR,0.17354534544092218,No
6419-ZTTLE,0.08392210169190449,No
2831-EBWRN,0.4193086373182717,No
4439-YRNVD,0.34784412141382187,No
1150-FTQGN,0.17823219123480344,No
0567-XRHCU,0.056543710319525535,No
8659-HDIYE,0.17795432380705464,No
1561-BWHIN,0.05770419853980334,No
1657-DYMBM,0.025238388918112514,No
3398-GCPMU,0.03150228548878283,No
6849-OYAMU,0.12811152527155992,No
5906-BFOZT,0.17366540276847514,No
1237-WIYYZ,0.17362537637207712,No
4385-GZQXV,0.5037587772422899,Yes
2592-YKDIF,0.17298594481469828,No
2974-GGUXS,0.42512356357006426,No
2188-SXWVT,0.1175432830619313,No
7989-CHGTL,0.1735853572630373,No
2988-QRAJY,0.09840758729226405,No
9399-APLBT,0.6182132807609327,Yes
9637-CDTKZ,0.06950019769312497,No
7055-HNEOJ,0.24128030657792063,No
2378-HTWFW,0.4264193440436623,No
0164-APGRB,0.12882989696160946,No
5499-ECUTN,0.08651225521093572,No
9618-LFJRU,0.13650776460430936,No
4139-SUGLD,0.21514719995398773,No
3070-FNFZQ,0.025593459484440827,No
2777-PHDEI,0.6137925036501779,Yes
2842-BCQGE,0.44789834130930417,No
6901-GOGZG,0.06223906626200202,No
2984-RGEYA,0.025684048723898272,No
2530-ENDWQ,0.10844677788392337,No
8671-KKKOS,0.4197841502051691,No
8148-NLEGT,0.04818461612030186,No
1897-OKVMW,0.041008231877377,No
4816-OKWNX,0.1260077026318397,No
4182-BGSIQ,0.1389722159681303,No
6376-GAHQE,0.6140569660108756,Yes
8260-NGFNY,0.3501895251279326,No
8229-TNIQA,0.32511975685784367,No
2236-HILPA,0.025135656953363963,No
0248-PGHBZ,0.07896559152205046,No
0804-XBFBV,0.44766009635020854,No
0369-ZGOVK,0.19847191428232644,No
7901-HXJVA,0.6159063102764285,Yes
2235-ZGKPT,0.31836312796498645,No
3913-RDSJZ,0.032111172498211576,No
9643-AVVWI,0.5238943262570932,Yes
8149-AIQCG,0.4509353100179027,No
8922-NPKBJ,0.03320377487345214,No
4576-CSAJH,0.06580881631422329,No
1121-QSIVB,0.1051087397246217,No
3712-PKXZA,0.04408254610865352,No
4707-YNOQA,0.04291047491543677,No
4361-FEBGN,0.025204099565560228,No
0318-QUUOB,0.6104811022742918,Yes
6576-FBXOJ,0.123213176297085,No
2479-BRAMR,0.4405564416415095,No
3752-CQSJI,0.17290614695355896,No
6345-FZOQH,0.0331054168178287,No
7270-BDIOA,0.5099640292820429,Yes
8593-WHYHV,0.6041615107087228,Yes
5372-FBKBN,0.17266692806386627,No
4030-VPZBD,0.3546452510094642,No
6772-KSATR,0.6089544088739446,Yes
0068-FIGTF,0.07571205697955101,No
6080-LNESI,0.032250175935659896,No
1705-GUHPV,0.03234607802699606,No
4227-OJHAL,0.08349681371607862,No
0835-JKADZ,0.13113260593090947,No
3785-KTYSH,0.03227630375888646,No
9114-AAFQH,0.15879233095866602,No
7605-SNLQG,0.2616536618517222,No
3062-ICYZQ,0.5927667432801976,Yes
7445-WMRBW,0.06064661667457194,No
9530-GRMJG,0.06251641268840256,No
1205-WNWPJ,0.23752173141952673,No
8413-VONUO,0.5902729656536613,Yes
6434-TTGJP,0.038210572645288494,No
6728-DKUCO,0.2862284099102919,No
2516-VQRRV,0.5174205426754295,Yes
7315-WYOAW,0.49497228641264607,No
7501-VTYLJ,0.31751626692202095,No
2749-CTKAJ,0.05759811831140938,No
5248-YGIJN,0.031383355582120666,No
2178-PMGCJ,0.5254252834897701,Yes
9314-IJWSQ,0.6048284117701148,Yes
4338-EYCER,0.2602759108406593,No
7109-MFBYV,0.4199200384307158,No
3318-NMQXL,0.5951885435346403,Yes
0186-CAERR,0.1182929130439095,No
4860-IJUDE,0.4501066735143564,No
3308-JSGML,0.03614421885847954,No
9530-EHPOH,0.40868448130627966,No
6305-YLBMM,0.12560888369796827,No
3230-WYKIR,0.05717736157142938,No
9945-PSVIP,0.03332038004986511,No
7721-JXEAW,0.27509159012998863,No
3727-RJMEO,0.6074255796103301,Yes
2230-XTUWL,0.03316797570027143,No
5084-OOVCJ,0.1942548214434859,No
8270-RKSAP,0.6237281360007891,Yes
8584-KMVXD,0.6170274973425609,Yes
5842-POCOP,0.49866862635434833,No
2805-AUFQN,0.025252117379174495,No
7312-XSBAT,0.41408806673181164,No
4983-CCWMC,0.5255643927915147,Yes
0804-YGEQV,0.043887717211664165,No
1709-EJDOX,0.03313221380179486,No
2277-DJJDL,0.4974128986766899,No
9470-XCCEM,0.43246047745781757,No
3224-DFQNQ,0.23397400749541444,No
7517-LDMPS,0.6050950631470543,Yes
8668-KNZTI,0.16786247598055376,No
8207-DMRVL,0.07045124374906697,No
6275-YDUVO,0.502434345874111,Yes
0550-DCXLH,0.2238130444682972,No
4365-MSDYN,0.13913919064083144,No
9863-JZAIC,0.31336014668742196,No
7197-VOJMM,0.03515651727245984,No
1084-UQCHV,0.45988644617309704,No
9279-CJEOJ,0.42460486435120337,No
0112-QWPNC,0.10637463470306174,No
9095-HFAFX,0.44011716622341895,No
8873-TMKGR,0.057916909428709674,No
2862-PFNIK,0.44834991465659557,No
7996-BPXHY,0.024961200797803708,No
3399-BMLVW,0.03684055648540706,No
9128-CPXKI,0.19030422360751473,No
5828-DWPIL,0.5990805572580068,Yes
7969-AULMZ,0.587977282548571,Yes
2603-HVKCG,0.5824928822365866,Yes
0909-SDHNU,0.3443724555858167,No
9170-CCKOU,0.42751131247380236,No
4080-OGPJL,0.3050780350778865,No
7623-TRNQN,0.24735713122121356,No
6629-LADHQ,0.3182420741171763,No
4652-ODEVH,0.032302452043290776,No
9862-KJTYK,0.2893635245139548,No
3934-HXCFZ,0.5854069861553922,Yes
4419-UJMUS,0.13888368399246348,No
7336-RLLRH,0.07468394258149932,No
3649-JPUGY,0.032193683946747424,No
6599-GZWCM,0.23916317480586471,No
1564-HJUVY,0.18964248280666193,No
9199-PWQVC,0.08068059383144971,No
7606-BPHHN,0.025252117379174495,No
4317-VTEOA,0.41273517635853046,No
3061-BCKYI,0.17334539561901766,No
7716-YTYHG,0.23173209890097501,No
3352-RICWQ,0.03313221380179486,No
0295-QVKPB,0.18685522214196001,No
1764-VUUMT,0.0252315274142147,No
5989-OMNJE,0.16488359976055747,No
3247-MHJKM,0.17310569621030963,No
9972-NKTFD,0.1975675509754168,No
2359-KLTEK,0.425286510519878,No
9231-ZJYAM,0.6127339839551349,Yes
4829-ZLJTK,0.17644167849762438,No
1047-NNCBF,0.45452915596597243,No
6465-GSRCL,0.12405471273447177,No
8286-AFUYI,0.41652652612354607,No
3092-IGHWF,0.30569431637857736,No
0541-FITGH,0.3048419601988142,No
2203-GHNWN,0.5115677114907987,Yes
7954-MLBUN,0.07617162278766851,No
2675-DHUTR,0.5858808157093689,Yes
7824-PANSQ,0.3593094157071959,No
8805-JNRAZ,0.3203640503083497,No
0390-DCFDQ,0.5243818394178957,Yes
3923-CSIHK,0.6230077402942862,Yes
9570-KYEUA,0.07505271976703279,No
1075-BGWOH,0.5860838369271294,Yes
6490-FGZAT,0.17274663858167408,No
1921-KYSAY,0.11502069732704803,No
6732-FZUGP,0.17513259348116728,No
1877-HKBQX,0.08545593924528189,No
9822-WMWVG,0.48695544218533005,No
0877-SDMBN,0.17036484715154918,No
7672-VFMXZ,0.32365212214312494,No
4926-UMJZD,0.24808488815019322,No
4877-TSOFF,0.06004556188692542,No
9391-TTOYH,0.17366540276847514,No
6653-CBBOM,0.6239899626556933,Yes
7551-DACSP,0.3130001445663751,No
0219-YTZUE,0.4391131919623273,No
0929-PECLO,0.4325289422817242,No
9506-UXUSK,0.6241862851188252,Yes
7394-FKDNK,0.5986114835873273,Yes
3797-FKOGQ,0.6029601134353308,Yes
5600-PDUJF,0.19941409523185916,No
6507-ZJSUR,0.5972702802442753,Yes
5539-HIVAK,0.16875756479214177,No
6848-YLDFR,0.05925712796830089,No
4446-BZKHU,0.5768518289943743,Yes
0447-BEMNG,0.2703886857982257,No
3813-DHBBB,0.03942177913624619,No
7742-MYPGI,0.24850139286781978,No
2274-XUATA,0.036933611295108346,No
6652-YFFJO,0.39374175166865266,No
5012-YSPJJ,0.24276427793453834,No
2931-SVLTV,0.3186929357497577,No
6463-MVYRY,0.03561726484110565,No
6435-SRWBJ,0.5200662794694166,Yes
6906-ANDWJ,0.4527585787630943,No
4625-XMOYM,0.024792037522091148,No
8963-MQVYN,0.2390945042801302,No
1891-QRQSA,0.07153667133830405,No
3090-LETTY,0.2535134219965364,No
1376-HHBDV,0.32085012256849366,No
7771-ZONAT,0.038214572005730627,No
0608-JDVEC,0.04899701484408645,No
2925-MXLSX,0.08524220732992539,No
6374-AFWOX,0.046845739719968894,No
1125-SNVCK,0.32695858698243724,No
6762-NSODU,0.025307104000435225,No
3373-DIUUN,0.03286518406937513,No
4102-HLENU,0.06561013938264601,No
3346-BRMIS,0.41598428871078075,No
4302-ZYFEL,0.04408254610865352,No
5204-QZXPU,0.4278216930753904,No
9588-OZDMQ,0.42053168542500263,No
3714-XPXBW,0.17451227969045896,No
5766-ZJYBB,0.17374547742507737,No
0637-YLETY,0.42015475026516336,No
1142-WACZW,0.22042163640292453,No
2276-YDAVZ,0.4482432600424779,No
4988-IQIGL,0.6173570220229946,Yes
4083-EUGRJ,0.1730657717973329,No
2805-EDJPQ,0.126364790822674,No
9402-ROUMJ,0.12795581736940928,No
0431-APWVY,0.1815655909062619,No
5944-UGLLK,0.06589461282722377,No
5397-TUPSH,0.19798424510724927,No
3551-HUAZH,0.6186082298919124,Yes
9774-NRNAU,0.17224914574830552,No
9505-SQFSW,0.33126985874576914,No
9817-APLHW,0.2346072468689245,No
1513-XNPPH,0.5108004998071367,Yes
3733-ZEECP,0.32929498059029066,No
2697-NQBPF,0.48855840624522545,No
3623-FQBOX,0.1733054275093254,No
9805-FILKB,0.044893465493782266,No
7228-PAQPD,0.06446694552814057,No
0757-WCUUZ,0.05103955122832562,No
4111-BNXIF,0.07104091627530834,No
6198-RTPMF,0.5943817853488025,Yes
0930-EHUZA,0.07643748268036597,No
7526-IVLYU,0.17354534544092218,No
3452-GWUIN,0.5912171106642624,Yes
8400-WZICQ,0.40605812697263133,No
4254-QPEDE,0.035719061748011705,No
1023-BQXZE,0.04893872316431153,No
5161-XEUVX,0.09934744360959202,No
4250-WAROZ,0.5935072220177151,Yes
4423-YLHDV,0.4123866257004474,No
9424-CMPOG,0.03315903173255396,No
0742-MOABM,0.24720136991175917,No
7706-DZNKK,0.13650776460430936,No
2729-VNVAP,0.025252117379174495,No
8404-GFGCZ,0.3928099291153217,No
4335-UPJSI,0.03313221380179486,No
4367-NHWMM,0.3505704740032263,No
8630-FJLIB,0.624644212100388,Yes
8780-RSYYU,0.13733185164797668,No
6899-PPEEA,0.5890580873372805,Yes
0774-RMNUW,0.03761425847276406,No
1965-DDBWU,0.3447155814820522,No
3212-KXOCR,0.025510114840067006,No
0409-WTMPL,0.16279917350066153,No
0867-MKZVY,0.608024069790341,Yes
7814-LEEVE,0.13863877074006178,No
7883-ROJOC,0.32560958776350624,No
4825-FUREZ,0.04888016742674159,No
5325-UWTWJ,0.34282775412299243,No
3629-WEAAM,0.23290540846034524,No
3345-PBBFH,0.2657367083325469,No
3030-YDNRM,0.6180157475497949,Yes
2722-JMONI,0.41435880111826995,No
4690-LLKUA,0.42046371256087467,No
4318-RAJVY,0.05770419853980334,No
5371-VYLSX,0.6066936532670583,Yes
7529-ZDFXI,0.5980751782042707,Yes
0661-WCQNQ,0.0654325439725887,No
7103-IPXPJ,0.22373591171101231,No
3640-PHQXK,0.5980081234975997,Yes
9101-NTIXF,0.17374547742507737,No
2475-MROZF,0.3372565578803763,No
8414-MYSHR,0.5959947877746735,Yes
6087-YPWHO,0.046226901850748466,No
2495-TTHBQ,0.05752245884608025,No
8982-NHAVY,0.17310253347234084,No
3280-MRDOF,0.0351754460305296,No
2209-XADXF,0.29301307001688603,No
3569-EDBPQ,0.517837938563271,Yes
7654-YWJUF,0.13825101647943797,No
2542-HYGIQ,0.13683689869202173,No
6094-ZIVKX,0.09176527411034079,No
3508-VLHCZ,0.03133251871837166,No
2115-BFTIW,0.5236860911875827,Yes
1925-TIBLE,0.6025593708481511,Yes
7319-ZNRTR,0.08441665459118257,No
0224-RLWWD,0.42148362083826857,No
4588-YBNIB,0.1735853572630373,No
2223-GDSHL,0.06990518667872712,No
6910-HADCM,0.6160382788464472,Yes
0921-OHLVP,0.6071594802305317,Yes
8819-WFGGJ,0.05447300042555744,No
3106-ULWFW,0.4343517224408128,No
9018-PCIOK,0.06591862556092459,No
6211-WWLTF,0.10365073015843741,No
2684-EIWEO,0.4254644594543382,No
8450-UYIBU,0.4275485841178535,No
6791-YBNAK,0.2891341390189981,No
3254-YRILK,0.6002859115493953,Yes
4698-KVLLG,0.025279596127112808,No
7608-RGIRO,0.03231117268759189,No
8547-NSBBO,0.399902142027064,No
7241-AJHFS,0.35036962666321336,No
7995-ZHHNZ,0.09100095419333265,No
4710-NKCAW,0.18647407655552534,No
6542-LWGXJ,0.35044346984837316,No
1626-ERCMM,0.5917563206155605,Yes
9208-OLGAQ,0.6046283822893541,Yes
4369-NYSCF,0.06004556188692542,No
2722-VOJQL,0.12277550747818643,No
3682-YEUWS,0.16977738534435904,No
5018-HEKFO,0.16969876387334754,No
0810-BDHAW,0.14951984051585387,No
3803-KMQFW,0.17282637821039354,No
1455-UGQVH,0.5864221405953312,Yes
7601-DHFWZ,0.02468174022860414,No
3719-TDVQB,0.03327548518790895,No
1042-HFUCW,0.06594614062658725,No
7786-WBJYI,0.4485461474295819,No
3023-GFLBR,0.4330500362258757,No
7711-GQBZC,0.025001967044484416,No
2091-MJTFX,0.19790429347329574,No
4847-QNOKA,0.2708291486119748,No
8220-OCUFY,0.11984818983577,No
2379-ENZGV,0.6047617391725898,Yes
5759-RCVCB,0.27819570891810985,No
0221-WMXNQ,0.6173570220229946,Yes
9600-UDOPK,0.42226287890651826,No
5148-ORICT,0.044725585769242925,No
6235-VDHOM,0.4431813021270622,No
2674-MIAHT,0.51066159221766,Yes
3129-AAQOU,0.03210250404236028,No
0013-MHZWF,0.18227941360413946,No
5887-IKKYO,0.07819809542709065,No
9732-EQMWY,0.585203867911567,Yes
8337-MSSXB,0.6028265478919177,Yes
0602-DDUML,0.04583493602765565,No
8868-WOZGU,0.5766475504827542,Yes
3197-NNYNB,0.10088504471259024,No
4508-OEBEY,0.05916389720822368,No
8397-MVTAZ,0.5843233549565634,Yes
8966-SNIZF,0.02572596436649174,No
6508-NJYRO,0.05800829633415817,No
5062-CJJKH,0.11832675328179487,No
7663-RGWBC,0.32652904807869326,No
3195-TQDZX,0.23939912394057566,No
5649-ANRML,0.3371318731759774,No
8033-ATFAS,0.30756789735974593,No
9770-KXGQU,0.2157027221359755,No
0623-IIHUG,0.42475179123301837,No
4598-ZADCK,0.12381713978637963,No
3108-PCCGG,0.04563023799170692,No
6769-DYBQN,0.6045616980081492,Yes
1337-BOZWO,0.0955775203350196,No
7925-PNRGI,0.2162026395654816,No
1768-HNVGJ,0.3063806165239391,No
2823-LKABH,0.3410320224854799,No
7233-IOQNP,0.21646899407429107,No
2731-GJRDG,0.12227737273166173,No
4441-NIHPT,0.6187398447867769,Yes
3882-IYOIJ,0.0690864385471471,No
8563-IIOXK,0.17100275504126516,No
1217-VASWC,0.17306260963613904,No
6447-EGDIV,0.05735633639066702,No
9361-YNQWJ,0.043899423626971724,No
4393-RYCRE,0.28406775533683115,No
1597-FZREH,0.29890427402559194,No
9117-SHLZX,0.3246303081199564,No
8441-SHIPE,0.02487986252095505,No
3511-BFTJW,0.0581877450369975,No
1428-GTBJJ,0.6184107748941504,Yes
